,id,diagnosis,radius_mean,texture_mean,perimeter_mean,area_mean,smoothness_mean,compactness_mean,concavity_mean,concave points_mean,symmetry_mean,fractal_dimension_mean,radius_se,texture_se,perimeter_se,area_se,smoothness_se,compactness_se,concavity_se,concave points_se,symmetry_se,fractal_dimension_se,radius_worst,texture_worst,perimeter_worst,area_worst,smoothness_worst,compactness_worst,concavity_worst,concave points_worst,symmetry_worst,fractal_dimension_worst,Unnamed: 32
count,357.0,357,357,357,357,357,357,357,357,357,357,357,357,357,357,357,357,357,357,357,357,357,357,357,357,357,357,357,357,357,357,357,0
mean,26543820.0,0,12.146524,17.914762,78.075406,462.790196,0.092478,0.080085,0.046058,0.025717,0.174186,0.062867,0.284082,1.22038,2.000321,21.135148,0.007196,0.021438,0.025997,0.009858,0.020584,0.003636,13.379801,23.51507,87.005938,558.89944,0.124959,0.182673,0.166238,0.074444,0.270246,0.079442,NaN
std,116739700.0,0,1.780512,3.995125,11.807438,134.287118,0.013446,0.03375,0.043442,0.015909,0.024807,0.006747,0.11257,0.58918,0.771169,8.843472,0.003061,0.016352,0.032918,0.005709,0.006999,0.002938,1.981368,5.493955,13.527091,163.601424,0.020013,0.09218,0.140368,0.035797,0.041745,0.013804,NaN
min,8913.0,0,6.981,9.71,43.79,143.5,0.05263,0.01938,0,0,0.106,0.05185,0.1115,0.3602,0.757,6.802,0.001713,0.002252,0,0,0.009539,0.000895,7.93,12.02,50.41,185.2,0.07117,0.02729,0,0,0.1566,0.05521,NaN
25%,874662.0,0,11.08,15.15,70.87,378.2,0.08306,0.05562,0.02031,0.01502,0.158,0.05853,0.2073,0.7959,1.445,15.26,0.005212,0.01132,0.01099,0.006433,0.0156,0.002074,12.08,19.58,78.27,447.1,0.1104,0.112,0.07708,0.05104,0.2406,0.07009,NaN
50%,908916.0,0,12.2,17.39,78.18,458.4,0.09076,0.07529,0.03709,0.02344,0.1714,0.06154,0.2575,1.108,1.851,19.63,0.00653,0.01631,0.0184,0.009061,0.01909,0.002808,13.35,22.82,86.92,547.4,0.1254,0.1698,0.1412,0.07431,0.2687,0.07712,NaN
75%,8812816.0,0,13.37,19.76,86.1,551.1,0.1007,0.09755,0.05999,0.03251,0.189,0.06576,0.3416,1.492,2.388,25.03,0.008534,0.02589,0.03056,0.01187,0.02406,0.004174,14.8,26.51,96.59,670,0.1376,0.2302,0.2216,0.09749,0.2983,0.08541,NaN
max,911320500.0,0,17.85,33.81,114.6,992.1,0.1634,0.2239,0.4108,0.08534,0.2743,0.09575,0.8811,4.885,5.118,77.11,0.02177,0.1064,0.396,0.05279,0.06146,0.02984,19.82,41.78,127.1,1210,0.2006,0.5849,1.252,0.175,0.4228,0.1486,NaN
